"","msci_us_value","snp_us_value","msci_us_quality","snp_us_quality","msci_us_volatility","snp_us_volatility","msci_us_momentum","snp_us_momentum"
"1995/01/31",0.029508,0.027082,0.030837,0.022557,0.022469,0.029116,0.0127,-0.002288
"1995/02/28",0.041319,0.038809,0.03757,0.030723,0.036262,0.039572,0.041508,0.042331
"1995/03/31",0.026183,0.027572,0.030528,0.034876,0.029686,0.018718,0.045941,0.021107
"1995/04/30",0.034335,0.032922,0.032944,0.045006,0.027146,0.017327,0.043125,0.045939
"1995/05/31",0.040761,0.044492,0.040543,0.02796,0.03389,0.039186,0.037309,0.034515
"1995/06/30",0.01574,0.007592,0.046401,0.026815,0.013791,0.009389,0.037838,0.041197
"1995/07/31",0.038649,0.034445,0.031624,0.025869,0.031825,0.026461,0.035363,0.040639
"1995/08/31",0.008126,0.008542,-0.006375,0.000393,0.006169,0.013888,-0.005982,-0.001673
"1995/09/30",0.034487,0.034782,0.045195,0.05499,0.037946,0.04546,0.047562,0.048209
"1995/10/31",-0.013673,-0.015572,0.021134,0.013372,0.001453,0.009449,0.028382,0.027025
"1995/11/30",0.051415,0.052414,0.034449,0.054581,0.051198,0.046427,0.028441,0.018066
"1995/12/31",0.022393,0.027716,-0.001278,0.022903,0.02664,0.033697,0.00901,-0.000555
"1996/01/31",0.032076,0.029938,0.039123,0.048316,0.036354,0.031079,0.048913,0.050493
"1996/02/29",0.008121,0.009375,0.016207,0.015993,-0.003351,-0.002988,0.017598,0.031895
"1996/03/31",0.017907,0.023408,-0.004277,-4.6e-05,0.010215,0.009126,-0.001115,0.008744
"1996/04/30",0.014485,0.010181,0.028722,0.005548,0.0016,0.000586,0.018467,-0.00354
"1996/05/31",0.011348,0.015072,0.040079,0.03592,0.016788,0.013931,0.040631,0.045307
"1996/06/30",-0.002406,-0.004827,0.012306,0.016088,0.003984,0.026987,0.014409,0.023646
"1996/07/31",-0.04464,-0.042188,-0.032465,-0.028909,-0.039508,-0.046086,-0.038889,-0.036355
"1996/08/31",0.028691,0.027608,0.016051,0.016436,0.018424,0.020119,0.026096,0.014845
"1996/09/30",0.041047,0.04283,0.071396,0.065925,0.040247,0.036539,0.067711,0.074717
"1996/10/31",0.035533,0.033851,0.014118,0.02827,0.012869,0.039219,0.03105,0.041982
"1996/11/30",0.076001,0.076499,0.090511,0.088664,0.06354,0.05632,0.071824,0.062368
"1996/12/31",-0.016581,-0.016364,-0.015867,-0.016211,-0.015288,-0.018162,-0.025193,-0.023941
"1997/01/31",0.0527,0.04609,0.086271,0.086389,0.047637,0.022973,0.091469,0.08066
"1997/02/28",0.0056,0.007273,-1.7e-05,0.007563,0.013417,0.015579,0.002757,0.016873
"1997/03/31",-0.03437,-0.034238,-0.05203,-0.043508,-0.043179,-0.033957,-0.054493,-0.05151
"1997/04/30",0.042046,0.037492,0.087475,0.081259,0.045415,0.022305,0.100158,0.104639
"1997/05/31",0.057966,0.062724,0.056666,0.055265,0.059284,0.060006,0.051213,0.054356
"1997/06/30",0.037979,0.038228,0.045807,0.048187,0.046255,0.048236,0.055061,0.041474
"1997/07/31",0.087093,0.080003,0.072386,0.067191,0.058129,0.057104,0.084876,0.117766
"1997/08/31",-0.045464,-0.045192,-0.064707,-0.057728,-0.054659,-0.034736,-0.075363,-0.072576
"1997/09/30",0.057585,0.058629,0.039734,0.044668,0.052399,0.050849,0.054942,0.052522
"1997/10/31",-0.023648,-0.036747,-0.024487,-0.03646,-0.018755,-0.021212,-0.029344,-0.046762
"1997/11/30",0.041201,0.038119,0.050582,0.055216,0.051362,0.048412,0.039023,0.048741
"1997/12/31",0.025174,0.022202,0.006764,0.009283,0.020192,0.039529,0.017328,-4.4e-05
"1998/01/31",-0.010398,-0.012328,0.035299,0.027356,0.00334,-0.026565,0.02645,0.029764
"1998/02/28",0.066782,0.075009,0.073263,0.078166,0.055884,0.056615,0.064227,0.093401
"1998/03/31",0.050815,0.050651,0.047299,0.019913,0.058022,0.048596,0.066528,0.036348
"1998/04/30",0.021667,0.011836,0.009047,0.013339,-0.008574,-0.022003,0.040759,0.031655
"1998/05/31",-0.022915,-0.014068,-0.018542,-0.007946,-0.009315,-0.009874,-0.024409,-0.003305
"1998/06/30",0.009839,0.007594,0.067167,0.049762,0.031391,0.006058,0.077013,0.069683
"1998/07/31",-0.013822,-0.021721,0.004752,0.001198,-0.028051,-0.04502,0.015588,0.017706
"1998/08/31",-0.156929,-0.160797,-0.130885,-0.11915,-0.089856,-0.068703,-0.157554,-0.13212
"1998/09/30",0.055087,0.060757,0.089088,0.093302,0.058485,0.055766,0.047833,0.070962
"1998/10/31",0.083032,0.078331,0.074791,0.071778,0.060052,0.042611,0.092938,0.070427
"1998/11/30",0.056975,0.052089,0.083902,0.070497,0.048507,0.035033,0.082637,0.065146
"1998/12/31",0.028607,0.035123,0.067886,0.049719,0.040928,0.015055,0.102317,0.134881
"1999/01/31",0.024891,0.0202,0.044529,0.026324,0.015175,-0.03796,0.043021,0.088656
"1999/02/28",-0.007523,-0.02153,-0.036628,-0.039222,-0.025859,-0.021792,-0.024651,-0.043044
"1999/03/31",0.02548,0.030306,0.036767,0.014443,0.021747,-0.020415,0.057882,0.067858
"1999/04/30",0.088093,0.08621,0.008727,0.018471,0.044773,0.084407,0.002952,-0.002146
"1999/05/31",-0.017218,-0.01767,-0.022245,-0.019099,-0.008538,0.030087,-0.027524,-0.035856
"1999/06/30",0.028213,0.038408,0.061245,0.044987,0.018091,0.003356,0.081093,0.087433
"1999/07/31",-0.027781,-0.030747,-0.025901,-0.024424,-0.023081,-0.025273,-0.033271,-0.026886
"1999/08/31",-0.031852,-0.025331,0.011207,0.010912,-0.016897,-0.010045,-0.00431,0.010088
"1999/09/30",-0.045733,-0.039127,-0.036377,-0.061001,-0.035379,-0.050217,-0.002358,0.005327
"1999/10/31",0.056117,0.056453,0.057558,0.068866,0.060288,0.042375,0.082828,0.036506
"1999/11/30",-0.002355,-0.005861,0.031111,0.030686,-0.002634,-0.051328,0.041415,0.076194
"1999/12/31",0.020779,0.037574,0.063018,0.007163,0.032593,-0.014908,0.144427,0.152327
"2000/01/31",-0.03119,-0.031817,-0.061237,-0.003821,-0.037059,-0.035107,-0.068558,-0.058375
"2000/02/29",-0.065029,-0.062481,-0.011155,-0.049218,-0.050091,-0.105143,0.035184,0.081905
"2000/03/31",0.104778,0.104272,0.086513,0.06817,0.095291,0.093535,0.092997,0.091251
"2000/04/30",0.002616,-0.006687,-0.030761,0.010674,-0.007213,0.047347,-0.052392,-0.046223
"2000/05/31",0.00261,0.00312,-0.023379,0.017421,-0.009347,0.049105,-0.061583,-0.074923
"2000/06/30",-0.025349,-0.039505,0.065274,0.062333,-0.006421,-0.04176,0.060135,0.077501
"2000/07/31",0.008518,0.020009,-0.0329,-0.030942,-0.010852,0.01363,-0.01738,-0.002677
"2000/08/31",0.050828,0.067053,0.03972,0.037777,0.051974,0.074545,0.081242,0.105715
"2000/09/30",-0.005552,-0.000244,-0.052638,-0.008154,-0.004008,0.031585,-0.092716,-0.108635
"2000/10/31",0.014803,0.018679,0.019084,0.047647,0.013702,0.023516,-0.045078,-0.06475
"2000/11/30",-0.058701,-0.051182,-0.059063,-0.005626,-0.032015,0.017028,-0.041181,-0.155198
"2000/12/31",0.04141,0.051455,-0.024963,0.023662,0.032855,0.075324,0.032474,-0.032982
"2001/01/31",0.018777,0.04222,0.028363,-0.008637,-0.01359,-0.043133,-0.039908,0.045577
"2001/02/28",-0.049413,-0.066282,-0.095601,-0.03987,-0.032829,0.028778,-0.081021,-0.213839
"2001/03/31",-0.039617,-0.039466,-0.069961,-0.045032,-0.044959,-0.012489,-0.077028,-0.085752
"2001/04/30",0.065267,0.067836,0.067685,0.049413,0.054985,0.05244,0.07273,0.04255
"2001/05/31",0.01371,0.010461,0.005189,0.014657,0.019049,0.036247,0.00114,0.012541
"2001/06/30",-0.024185,-0.032386,-0.024299,-0.014323,-0.038684,-0.024725,-0.033874,-0.041383
"2001/07/31",-0.011721,-0.017292,0.015248,0.008427,0.007695,-0.003904,-0.002066,-0.017203
"2001/08/31",-0.060243,-0.057798,-0.0604,-0.041467,-0.034323,0.000537,-0.026192,-0.03002
"2001/09/30",-0.080639,-0.09499,-0.05647,-0.048488,-0.049712,-0.046035,-0.064543,-0.05089
"2001/10/31",-0.013837,-2e-06,0.02655,0.021098,-0.011682,-0.007894,-0.005945,-0.01811
"2001/11/30",0.059573,0.063465,0.07918,0.058032,0.055315,0.033957,0.065769,0.054213
"2001/12/31",0.009099,0.015215,0.002925,0.010785,0.014915,0.035005,0.017381,0.02886
"2002/01/31",-0.011376,-0.027441,0.008411,-0.010625,-0.008316,-0.002449,0.01277,0.018649
"2002/02/28",-0.033191,-0.008945,-0.014718,0.004354,0.012213,0.02635,0.0103,0.006234
"2002/03/31",0.063399,0.051243,0.022756,0.029318,0.032242,0.046301,0.035086,0.04295
"2002/04/30",-0.05318,-0.0501,-0.065366,-0.040467,-0.033627,-0.00196,0.001,0.001523
"2002/05/31",-0.002581,0.003993,-0.0112,-0.002782,-0.001314,-0.004067,0.001709,-0.021622
"2002/06/30",-0.07234,-0.063054,-0.069704,-0.068103,-0.055093,-0.032348,-0.051044,-0.065981
"2002/07/31",-0.101893,-0.108104,-0.059633,-0.045275,-0.064244,-0.060298,-0.06084,-0.06826
"2002/08/31",0.004298,0.006869,0.007094,0.000307,0.009321,0.011958,0.01298,0.020957
"2002/09/30",-0.117728,-0.114257,-0.101879,-0.101262,-0.095798,-0.077097,-0.064813,-0.084478
"2002/10/31",0.086271,0.083141,0.102001,0.105026,0.043957,0.030158,0.010995,0.009337
"2002/11/30",0.081044,0.07025,0.037349,0.042548,0.02605,-0.001286,-0.011012,-0.026044
"2002/12/31",-0.069345,-0.051954,-0.052027,-0.045843,-0.020179,-0.00213,-0.020032,0.000809
"2003/01/31",-0.020368,-0.027363,-0.03155,-0.027535,-0.032981,-0.020019,-0.017891,-0.02193
"2003/02/28",-0.024683,-0.027242,-0.010529,-0.00655,-0.022601,-0.013235,-0.008297,-0.021036
"2003/03/31",-0.004577,-0.001292,0.014468,-0.000187,0.008526,0.005852,0.010749,0.023416
"2003/04/30",0.104999,0.098872,0.061307,0.070444,0.067961,0.053792,0.060775,0.048173
"2003/05/31",0.074405,0.073603,0.042822,0.069948,0.044569,0.062602,0.047472,0.049843
"2003/06/30",0.013249,0.00731,0.011763,0.01315,0.0083,-0.006286,0.016421,0.014096
"2003/07/31",0.012059,0.022203,-0.000332,0.004359,0.003145,0.003536,0.02737,0.008541
"2003/08/31",0.017762,0.021639,0.015914,0.008337,0.008527,0.010314,0.014119,0.003869
"2003/09/30",-0.009298,-0.018104,-0.007682,-0.000497,-0.002844,0.009256,-0.007221,-0.017984
"2003/10/31",0.052363,0.068355,0.042388,0.046652,0.044538,0.047509,0.06297,0.061912
"2003/11/30",0.012733,0.008996,0.004773,0.024797,0.013676,0.011536,0.010042,0.01182
"2003/12/31",0.071771,0.061763,0.045979,0.057979,0.047599,0.046022,0.021905,0.048999
"2004/01/31",0.015123,0.017691,0.007643,0.009086,0.014065,0.012912,0.025124,0.028349
"2004/02/29",0.017688,0.0226,0.01594,0.014737,0.019998,0.030044,0.013776,0.006315
"2004/03/31",-0.013916,-0.006941,-0.016022,-0.014716,-0.003179,0.004938,-0.00476,0.015836
"2004/04/30",-0.018904,-0.024714,0.016112,0.007108,-0.013665,-0.010899,-0.044264,-0.051898
"2004/05/31",0.007628,0.011519,0.002149,0.003738,0.008862,0.019538,0.024854,0.042699
"2004/06/30",0.026219,0.021731,0.014174,0.023671,0.013349,0.013135,0.031111,0.027267
"2004/07/31",-0.013601,-0.01895,-0.031812,-0.04657,-0.02289,-0.014763,-0.049614,-0.075502
"2004/08/31",0.015869,0.010771,0.006327,0.005436,0.022885,0.025424,0.007782,-0.031856
"2004/09/30",0.008724,0.018945,-0.000437,0.001916,0.008186,0.004628,0.054532,0.054437
"2004/10/31",0.01468,0.015093,0.004894,0.011659,0.012227,0.019375,0.007788,0.017354
"2004/11/30",0.044821,0.048799,0.035358,0.045438,0.044751,0.033661,0.077533,0.06543
"2004/12/31",0.034478,0.032579,0.045304,0.048669,0.033595,0.027269,0.019943,0.016891
"2005/01/31",-0.019648,-0.024296,-0.011581,-0.01698,-0.017412,-0.014773,-0.020693,-0.017613
"2005/02/28",0.030519,0.018104,0.026107,0.040927,0.021229,0.008055,0.0601,0.064658
"2005/03/31",-0.015829,-0.01778,-0.010578,-0.014051,-0.009847,-0.004638,-0.009738,-0.012593
"2005/04/30",-0.014857,-0.020424,-0.0224,-0.023667,0.001186,-0.000605,-0.038972,-0.038832
"2005/05/31",0.02011,0.031654,0.028394,0.033877,0.021943,0.015035,0.038542,0.030848
"2005/06/30",0.006386,0.015095,-0.01133,-0.007666,0.00513,-3.6e-05,0.036921,0.020739
"2005/07/31",0.025235,0.031516,0.03537,0.039507,0.028153,0.024016,0.041499,0.044516
"2005/08/31",-0.007957,-0.007496,-0.014375,-0.014975,-0.010937,-0.010085,0.017137,0.012481
"2005/09/30",0.013966,0.010378,-0.001021,0.006639,0.004166,-0.000505,0.040485,0.040425
"2005/10/31",-0.021876,-0.017451,-0.014273,-0.01975,-0.013674,-0.016633,-0.030593,-0.03157
"2005/11/30",0.037079,0.037414,0.030628,0.034758,0.030085,0.02053,0.031463,0.03151
"2005/12/31",0.007507,0.002692,-0.007552,-0.005496,0.005799,0.002339,0.01749,0.016398
"2006/01/31",0.026378,0.029848,0.015625,0.02898,0.022395,0.008019,0.065634,0.051345
"2006/02/28",0.009299,0.0108,0.000831,-0.007,0.004083,0.023526,-0.037628,-0.017653
"2006/03/31",0.012669,0.017049,0.006683,0.0247,0.006663,0.006521,0.01811,0.020716
"2006/04/30",0.026248,0.027885,-0.00331,0.011358,0.006051,0.021635,0.011799,0.015866
"2006/05/31",-0.024449,-0.024454,-0.028351,-0.030193,-0.018979,-0.00768,-0.041486,-0.041736
"2006/06/30",0.005317,0.003362,0.005217,0.008604,0.008681,0.004365,0.009219,0.002475
"2006/07/31",0.026316,0.010031,0.005893,0.002521,0.019536,0.021869,-0.032628,-0.001793
"2006/08/31",0.02039,0.015262,0.026703,0.03323,0.018943,0.021864,-0.007719,0.004503
"2006/09/30",0.023838,0.026623,0.019714,0.017193,0.013841,0.020468,0.019814,0.002634
"2006/10/31",0.033127,0.033349,0.040141,0.045408,0.029304,0.028016,0.048368,0.037357
"2006/11/30",0.018968,0.017946,0.02139,0.02984,0.018883,0.010107,0.04125,0.012918
"2006/12/31",0.023466,0.024101,0.005098,0.00078,0.01163,0.022988,0.014133,0.008623
"2007/01/31",0.01181,0.017616,0.012945,0.01907,0.017527,0.010264,0.038167,0.029766
"2007/02/28",-0.015856,-0.016937,-0.026515,-0.017888,-0.012294,0.000634,-0.029178,-0.022663
"2007/03/31",0.016104,0.012999,0.011102,0.014068,0.005648,0.005917,0.023,0.016099
"2007/04/30",0.041644,0.041965,0.051195,0.056035,0.037229,0.029479,0.038167,0.034029
"2007/05/31",0.035397,0.038187,0.034636,0.041811,0.025857,0.016365,0.035998,0.026633
"2007/06/30",-0.021777,-0.02055,-0.012929,-0.00931,-0.030685,-0.029446,-0.027386,-0.0268
"2007/07/31",-0.044584,-0.039301,-0.016211,-0.012552,-0.030883,-0.047796,-0.032456,-0.033569
"2007/08/31",0.014704,0.013471,0.026453,0.009247,0.020679,0.026044,0.012861,0.022242
"2007/09/30",0.034079,0.031048,0.033116,0.044173,0.036332,0.023235,0.070614,0.051825
"2007/10/31",0.00131,0.010502,0.016612,0.030555,0.012115,0.001798,0.043854,0.039886
"2007/11/30",-0.04954,-0.048576,-0.029361,-0.036279,-0.023991,-0.017649,-0.033047,-0.050963
"2007/12/31",-0.013347,-0.015767,0.004111,0.010242,-0.011826,-0.009957,0.031365,0.0143
"2008/01/31",-0.04066,-0.03487,-0.071736,-0.069589,-0.0462,-0.050901,-0.115864,-0.100717
"2008/02/29",-0.047647,-0.052123,-0.011745,-0.018142,-0.030033,-0.025484,-0.00402,-0.014972
"2008/03/31",-0.002501,-0.004667,-0.004087,-0.017601,-3.1e-05,-0.000512,-0.004018,0.026593
"2008/04/30",0.039961,0.037319,0.032996,0.051824,0.042289,0.019463,0.08393,0.072085
"2008/05/31",-0.005724,0.001165,0.027753,0.013512,0.010768,0.021269,0.040303,0.042286
"2008/06/30",-0.096439,-0.11214,-0.064507,-0.07832,-0.067092,-0.06468,-0.0134,-0.036375
"2008/07/31",-0.004469,0.013581,-0.00888,-0.009006,0.019321,0.028965,-0.091587,-0.071972
"2008/08/31",0.014989,0.01339,0.022917,0.028348,0.018775,0.03262,-0.007567,0.003168
"2008/09/30",-0.064316,-0.07483,-0.071861,-0.081919,-0.028895,-0.041584,-0.155074,-0.114203
"2008/10/31",-0.16009,-0.171071,-0.151718,-0.162832,-0.145265,-0.128336,-0.144363,-0.14004
"2008/11/30",-0.056899,-0.089717,-0.046982,-0.062408,-0.051223,-0.033613,-0.084065,-0.064011
"2008/12/31",0.013329,0.009533,0.0114,0.018286,-0.000149,0.017729,0.014868,0.006904
"2009/01/31",-0.116866,-0.121584,-0.045463,-0.056604,-0.089221,-0.029608,-0.090969,-0.033065
"2009/02/28",-0.135793,-0.130749,-0.083765,-0.082046,-0.096215,-0.103403,-0.099101,-0.080293
"2009/03/31",0.089165,0.098713,0.087306,0.094354,0.066204,0.045701,0.063309,0.065723
"2009/04/30",0.102396,0.110397,0.069784,0.083237,0.072715,0.042016,0.057796,0.006695
"2009/05/31",0.066282,0.063606,0.052775,0.042013,0.044327,0.029935,0.044222,0.039254
"2009/06/30",-0.00978,-0.004992,0.016195,0.014295,0.01077,0.028232,0.023695,0.013106
"2009/07/31",0.079765,0.084212,0.057557,0.056147,0.06291,0.042355,0.065608,0.050826
"2009/08/31",0.050757,0.054484,0.022493,0.030383,0.030184,0.020063,0.012467,0.005621
"2009/09/30",0.032014,0.031595,0.034295,0.035472,0.034917,0.026725,0.038265,0.017353
"2009/10/31",-0.025859,-0.036233,0.001251,-0.01518,-0.025139,-0.00501,-0.029593,-0.016061
"2009/11/30",0.059849,0.062599,0.06123,0.060618,0.057492,0.059495,0.068131,0.058961
"2009/12/31",0.009239,0.017642,0.02089,0.021561,0.019435,0.031829,0.028987,0.041921
"2010/01/31",-0.021508,-0.020174,-0.043527,-0.022096,-0.025764,-0.023271,-0.06421,-0.042212
"2010/02/28",0.023961,0.027551,0.023177,0.031564,0.021215,0.017984,0.048115,0.050432
"2010/03/31",0.06096,0.063673,0.050171,0.06251,0.036934,0.038511,0.073636,0.069228
"2010/04/30",0.015038,0.018817,0.009059,0.007281,0.008644,0.007566,0.005679,0.022136
"2010/05/31",-0.078293,-0.079227,-0.082081,-0.076085,-0.058443,-0.05219,-0.068117,-0.080433
"2010/06/30",-0.0493,-0.057345,-0.038599,-0.040543,-0.016117,-0.013089,-0.054662,-0.073192
"2010/07/31",0.067048,0.070834,0.060634,0.053611,0.047857,0.050054,0.076973,0.081879
"2010/08/31",-0.041049,-0.046753,-0.034141,-0.03865,-0.013422,-0.006146,-0.043166,-0.058852
"2010/09/30",0.074042,0.077411,0.10129,0.092707,0.071102,0.054812,0.103566,0.115027
"2010/10/31",0.026334,0.025895,0.044905,0.040343,0.032491,0.024285,0.049204,0.047297
"2010/11/30",-0.00563,-0.004632,-0.001008,0.001417,-0.008364,-0.014234,0.019209,0.018147
"2010/12/31",0.078486,0.082233,0.045184,0.041667,0.049568,0.047982,0.041939,0.046473
"2011/01/31",0.028277,0.032335,0.012844,0.006706,-0.001536,-0.003164,0.005658,0.0166
"2011/02/28",0.041152,0.036881,0.028287,0.034504,0.031011,0.026602,0.040321,0.042319
"2011/03/31",-0.001276,-0.002207,0.000596,0.000985,0.015746,0.012931,0.020645,0.017404
"2011/04/30",0.030189,0.025328,0.044976,0.053826,0.04023,0.040238,0.038922,0.025228
"2011/05/31",-0.015033,-0.018294,-0.001248,0.006651,0.010981,0.01919,-0.00497,-0.018974
"2011/06/30",-0.019941,-0.021142,-0.005528,0.000552,-0.011393,-0.012216,-0.006697,-0.005037
"2011/07/31",-0.034163,-0.035648,-0.003159,-0.01123,-0.033272,-0.023598,-0.018622,-0.015586
"2011/08/31",-0.055291,-0.06178,-0.040064,-0.033824,-0.002613,0.001335,-0.056844,-0.064672
"2011/09/30",-0.068541,-0.074924,-0.047045,-0.048776,-0.026911,-0.021513,-0.049929,-0.077915
"2011/10/31",0.100911,0.11313,0.089539,0.092191,0.065754,0.059137,0.082383,0.104955
"2011/11/30",-0.004121,-0.00315,0.005513,0.002645,0.011646,0.011541,0.00411,0.001635
"2011/12/31",0.024292,0.018221,0.003175,0.007073,0.026307,0.031586,0.012344,0.002199
"2012/01/31",0.032144,0.049106,0.052627,0.057013,0.014668,-0.00502,0.019406,0.043644
"2012/02/29",0.039868,0.041681,0.040496,0.042099,0.021851,0.018952,0.050873,0.056694
"2012/03/31",0.029831,0.033711,0.035917,0.030815,0.025883,0.028291,0.043315,0.047823
"2012/04/30",-0.009514,-0.013288,-0.003425,-0.002522,0.013672,0.010962,0.018022,0.014064
"2012/05/31",-0.058503,-0.066739,-0.056733,-0.068239,-0.02477,-0.015539,-0.046607,-0.037947
"2012/06/30",0.04798,0.047053,0.029162,0.038362,0.039053,0.041572,0.030967,0.025067
"2012/07/31",0.012659,0.008615,0.01061,0.002072,0.018984,0.021036,0.013339,0.010944
"2012/08/31",0.013755,0.021879,0.028263,0.019002,-0.000518,-0.008574,0.013732,0.013617
"2012/09/30",0.029641,0.031315,0.020285,0.021027,0.015449,0.017094,0.018308,0.022234
"2012/10/31",-0.005643,-0.006746,-0.036191,-0.018295,-0.009836,-0.000804,-0.023563,-0.02003
"2012/11/30",-0.006418,0.001616,0.011019,0.013748,0.001945,-0.00242,0.017916,0.008369
"2012/12/31",0.019351,0.021698,-0.015203,0.008656,-0.008129,-0.005479,-0.010152,-0.019133
"2013/01/31",0.062819,0.064993,0.050781,0.06019,0.050931,0.050441,0.043794,0.035609
"2013/02/28",0.01587,0.013597,0.015062,0.017999,0.027072,0.027228,0.020658,0.019373
"2013/03/31",0.038587,0.037252,0.032329,0.049901,0.051235,0.048732,0.050211,0.040534
"2013/04/30",0.026181,0.017894,0.021385,0.015245,0.027352,0.038396,0.029114,0.018476
"2013/05/31",0.022416,0.024872,0.028492,0.028402,-0.02441,-0.034339,-0.00066,0.026055
"2013/06/30",-0.007326,-0.009196,-0.026489,-0.018769,-0.003258,0.006042,-0.009633,-0.013246
"2013/07/31",0.045906,0.051071,0.043504,0.048005,0.036481,0.042384,0.062918,0.048763
"2013/08/31",-0.037064,-0.035902,-0.019272,-0.032258,-0.032243,-0.048339,-0.034386,-0.033388
"2013/09/30",0.022187,0.024715,0.037319,0.036626,0.025672,0.019795,0.031432,0.034215
"2013/10/31",0.04708,0.043725,0.04758,0.040103,0.047256,0.045745,0.052404,0.037812
"2013/11/30",0.02651,0.028188,0.040878,0.032824,0.013397,0.011942,0.030771,0.048301
"2013/12/31",0.023913,0.023423,0.024258,0.023862,0.012575,0.011264,0.030054,0.0172
"2014/01/31",-0.035789,-0.04003,-0.041317,-0.04293,-0.030002,-0.024885,-0.022461,-0.032804
"2014/02/28",0.040138,0.03843,0.048645,0.049824,0.043633,0.037291,0.066636,0.044658
"2014/03/31",0.027387,0.025801,-0.004868,0.002692,0.008303,0.021061,-0.033813,-0.008425
"2014/04/30",0.012005,0.012108,0.009396,0.005291,0.01395,0.019479,-0.008769,-0.011859
"2014/05/31",0.014495,0.012717,0.021738,0.019106,0.01158,0.010427,0.039981,0.040239
"2014/06/30",0.021208,0.020524,0.006026,0.014557,0.013126,0.021555,0.021049,0.015386
"2014/07/31",-0.017117,-0.015263,-0.008051,-0.010916,-0.015152,-0.038001,-0.010716,-0.004687
"2014/08/31",0.035027,0.036163,0.045218,0.047907,0.040678,0.037552,0.046616,0.04047
"2014/09/30",-0.014948,-0.017469,-0.010349,-0.015369,-0.007611,-0.008603,-0.006014,0.001217
"2014/10/31",0.019762,0.018836,0.028826,0.035234,0.04303,0.049408,0.023287,0.010856
"2014/11/30",0.017669,0.022846,0.023971,0.036357,0.034451,0.028546,0.037857,0.027114
"2014/12/31",-0.000536,0.005428,-0.003481,0.00253,0.001164,0.012122,-0.010462,-0.011913
"2015/01/31",-0.040248,-0.044366,-0.017082,-0.025752,-0.004847,-0.00443,-0.005796,-0.019236
"2015/02/28",0.049711,0.054879,0.060447,0.059937,0.03664,0.015215,0.05458,0.065848
"2015/03/31",-0.02096,-0.014814,-0.015664,-0.01517,-0.007245,-0.003486,-0.011524,-0.012715
"2015/04/30",0.019566,0.014987,0.003111,-0.003597,-0.00556,-0.019786,-0.008726,-0.029438
"2015/05/31",0.009248,0.007364,0.014533,0.019612,0.0107,0.009406,0.032898,0.030783
"2015/06/30",-0.025607,-0.019654,-0.019692,-0.019215,-0.0222,-0.01773,-0.002519,-0.031082
"2015/07/31",0.007919,0.003804,0.029369,0.014852,0.039823,0.043382,0.03882,0.039098
"2015/08/31",-0.057908,-0.059754,-0.053748,-0.063279,-0.045058,-0.049051,-0.059596,-0.05155
"2015/09/30",-0.020796,-0.027892,-0.007745,-0.023646,-0.00565,-0.004061,-0.019269,-0.012464
"2015/10/31",0.079309,0.073194,0.092662,0.083505,0.060117,0.068115,0.072879,0.079426
"2015/11/30",0.003678,0.005097,0.002669,0.004068,-0.002352,0.010936,0.005111,0.003352
"2015/12/31",-0.015613,-0.016805,-0.012443,-0.018964,0.005148,-0.001071,-0.000538,0.001076
"2016/01/31",-0.043035,-0.048812,-0.046507,-0.047508,-0.013923,-0.017218,-0.036865,-0.04754
"2016/02/29",-0.000827,0.005527,-0.000759,0.01018,0.010889,0.01031,-0.013092,-0.004856
"2016/03/31",0.067625,0.068503,0.062519,0.058266,0.060126,0.059656,0.05276,0.050679
"2016/04/30",0.011895,0.021102,-0.013639,0.004651,-0.004498,-0.007036,-0.006548,-0.015281
"2016/05/31",0.016914,0.009127,0.013923,0.007397,0.016089,0.016646,0.024652,0.028191
"2016/06/30",0.011691,0.008904,-0.006447,0.003184,0.045784,0.057452,0.030034,0.008446
"2016/07/31",0.029742,0.02717,0.047589,0.030438,0.014781,0.003348,0.026867,0.037385
"2016/08/31",0.006037,0.005861,0.000715,-0.003018,-0.019508,-0.018828,-0.0145,-0.002162
"2016/09/30",-0.001306,-0.003712,0.005118,-0.008867,-0.006525,-0.00973,0.004955,-0.000392
"2016/10/31",-0.014453,-0.015147,-0.020611,-0.015625,-0.028063,-0.022461,-0.019599,-0.020168
"2016/11/30",0.048908,0.062977,0.02519,0.037341,0.006379,0.005353,-0.005829,-0.006798
"2016/12/31",0.028216,0.02542,0.014574,0.019222,0.023888,0.025688,0.010865,0.03235
"2017/01/31",0.00489,0.006634,0.017675,0.01552,0.013221,0.007398,0.033148,0.019437
"2017/02/28",0.036935,0.03853,0.047736,0.037129,0.045535,0.04495,0.037231,0.036339
"2017/03/31",-0.006968,-0.011949,0.007138,0.002184,0.001188,-0.000508,0.021514,0.001615
"2017/04/30",-0.001123,-0.000676,0.017784,0.010158,0.014482,0.010873,0.025352,0.008748
"2017/05/31",0.001591,-0.003191,0.020365,0.014587,0.020777,0.026961,0.048239,0.018431
"2017/06/30",0.018898,0.018991,-0.00954,0.001383,-0.003942,-0.003226,0.004031,0.016468
"2017/07/31",0.014542,0.013719,0.015701,0.010758,0.02015,0.013787,0.03428,0.028705
"2017/08/31",-0.008729,-0.011631,0.010085,-0.00158,0.008282,0.008517,0.015006,0.005233
"2017/09/30",0.029631,0.032779,0.020946,0.028643,0.005361,0.007879,0.028509,0.028744
"2017/10/31",0.012327,0.011509,0.04219,0.012164,0.01934,0.019045,0.050007,0.059643
"2017/11/30",0.03034,0.033907,0.033642,0.03655,0.031322,0.038568,0.028076,0.023483
